ticket_id,queue_clean,priority_clean,status,sla_status,ticket_category_rule_based,sentiment_score,urgency_score,combined_text_length,combined_text
TKT-018874,technical support,high,Closed,SLA Breached,Technical Issues,-2,15,399,"Urgent Technical Support for Data Analytics Tool Our data analytics tool has experienced crashes during peak analysis periods, leading to workflow disruptions. This may be due to server overload or outdated software. Although restarting the tool cleared the cache, the issue still persists. Our team is currently unable to access critical data and requires immediate assistance to resolve the issue."
TKT-057157,it support,high,Closed,SLA Breached,Account Issues,-1,14,1238,"Urgent Assistance Required for Medical Data Encryption Failure Dear Customer Support, I hope this message finds you well. I am reaching out to address a significant issue we are facing with the encryption of our medical data. It has suddenly and unexpectedly failed, leaving sensitive information exposed. This is a serious concern and we urgently need your help to address this matter. Here is a detailed account of the situation: What happened - our medical data encryption failed, exposing sensitive information. Why it might have occurred - we believe this could be due to outdated Ubuntu 20.04 LTS security patches. What we have done so far - we have run Airtable diagnostics and checked our NAS-System connections, but the issue remains unresolved. We kindly request your immediate attention to resolve this problem. Could you please provide guidance on the next steps? We would greatly appreciate any advice on how to update our security patches and ensure our encryption is functioning correctly again. Please let us know if there are any additional details you need from us to help resolve this matter promptly. We look forward to your response and thank you for your prompt attention to this urgent issue. Sincerely, [Your Name]"
TKT-000727,technical support,high,Closed,SLA Breached,Technical Issues,-5,13,530,"Video Application Failure Dear Customer Support,\n\nI urgently seek help regarding an issue with my laptop's video conferencing program. Following a recent routine OS update, the software repeatedly crashes during client calls. This problem significantly hampers my ability to manage ongoing projects smoothly.\n\nI have already tried reinstalling the application and verifying that all drivers are current, but the crashes persist without exception. The timing of these failures strongly indicates a link to the latest OS update."
TKT-005113,it support,high,Closed,SLA Breached,Technical Issues,-5,13,571,"Failure of Digital Tools Customer Support, I am reporting a critical issue impacting the operations of our marketing agency. Key digital applications such as Snagit, Firewall, and Xero have become unresponsive. We suspect this may be due to conflicts within network software. Our preliminary troubleshooting included restarting devices and verifying firewall configurations, but the problem persists. Consequently, our brand development activities are significantly hindered, and we are unable to complete tasks efficiently, leading to a notable decrease in productivity."
TKT-016748,it support,high,Closed,SLA Breached,Technical Issues,-5,13,411,"Unanticipated System Crashes in SaaS Application Resulting in Downtime Users are encountering unanticipated system crashes in the SaaS application, leading to downtime. The issue may be related to compatibility problems arising from recent software updates across multiple platforms. Steps already taken include restarting services, rolling back updates, and checking for hardware failures to resolve the issue."
TKT-000285,technical support,high,Closed,SLA Breached,Other,-4,13,658,"Immediate Attention Needed: Microservice Outages Disrupting SaaS System Dear Customer Support Team,\n\nI am writing to notify you of a critical issue impacting the functionality of our cloud-based SaaS platform. We are experiencing sporadic failures across multiple microservices that are essential for the platform's operations. These failures appear to be linked to potential problems within the Kubernetes orchestration environment.\n\nFor context, our platform depends heavily on a microservices architecture deployed within a Kubernetes cluster. Over recent days, we've observed certain pods shutting down unexpectedly, leading to service interruptions."
TKT-041822,technical support,high,Escalated,Open / Not Applicable,Technical Issues,-4,13,323,"Dear Customer Support, the critical data analytics report generation has failed due to software compatibility issues arising from recent updates. I have attempted to reinstall the affected software and restart the systems, but the issue still persists. I urgently need assistance to resolve this matter to avoid any delays."
TKT-050291,technical support,medium,Closed,SLA Breached,Technical Issues,-4,13,734,"Critical Issue Report: Integration Failure Dear Customer Support,\n\nI am reporting a significant problem that has caused delays in our project. Several integrations failed simultaneously, and we have not been able to resolve the issue despite our efforts. The problem began after a recent update, suggesting possible conflicts or API changes. We have restarted services, checked logs, and verified settings, but the issue persists.\n\nWe would appreciate your urgent assistance in investigating this matter and providing a solution or guidance on how to resolve it. Please let us know if there are additional steps we can take or if you need further information from us.\n\nThank you for your attention.\n\nBest regards,\n[Your Name]"
TKT-051105,technical support,high,Closed,SLA Breached,Technical Issues,-4,13,706,"Technical Problem with Investment Optimization Platform Hello Customer Support, I am contacting you to report an unanticipated crash of our investment optimization platform. During a crucial data processing stage, the system failed to function, and our preliminary investigation points to insufficient processing capability as the possible cause. Despite restarting the system and confirming the integrity of our data feeds, the problem continues. We urgently need your help to address this issue and avoid any potential financial losses. Could you please guide us on the necessary steps or arrange an urgent support meeting? We appreciate your swift response to this matter and look forward to your reply."
TKT-051278,service outages and maintenance,high,Closed,SLA Breached,Technical Issues,-4,13,495,"Technical Issue with Medical Data System An unexpected operational disruption occurred, affecting the integration of medical data systems. Possible causes include software updates, network instability, or hardware failures. Initial troubleshooting steps, such as restarting devices and checking network connections, provided temporary relief but the issue persists. This disruption is currently hindering access to critical patient data, and urgent assistance is required to resolve the problem."
TKT-057072,it support,high,Escalated,Open / Not Applicable,Technical Issues,-4,13,264,"Urgent Issue: Recent Failures in Device Application Connections A critical issue has been observed where devices are failing to connect to applications, possibly due to recent software updates or hardware problems. Rebooting and reinstalling may resolve the issue."
TKT-061689,technical support,high,Closed,SLA Breached,Technical Issues,-4,13,402,"Urgent Technical Support Required at Once A critical failure has occurred during operations, affecting several devices. The issue might be related to recent software updates causing hardware incompatibility. Steps taken include rebooting the devices and reinstalling drivers, but the problems persist. Immediate assistance is needed to restore functionality and prevent disruptions to ongoing projects."
TKT-002589,customer service,high,Closed,SLA Breached,Technical Issues,-3,13,422,"Sudden Failure of Multiple Integrations Today Problem: Several product integrations have failed unexpectedly, leading to a system-wide disruption. This may be related to incompatibilities introduced by the recent software update. Attempts to resolve the issue by rebooting services and rolling back updates have been unsuccessful. The problem continues to persist, and urgent assistance is required to address this matter."
TKT-006388,technical support,high,Escalated,Open / Not Applicable,Technical Issues,-3,13,404,"Server Crash Notification Users have reported frequent server outages during peak traffic, potentially due to suboptimal resource management. After restarting the servers and implementing code improvements, the problem persists, leading to considerable downtime and negatively affecting user experience. Assistance with investigation is needed to address this critical issue and prevent future incidents."
TKT-019168,technical support,high,Closed,SLA Breached,Technical Issues,-3,13,395,"Need Technical Assistance for Data Analytics Tool The data analytics tool experienced crashes during peak analysis periods, leading to workflow disruptions. The issue might be due to server overload or outdated software. Although restarting the tool cleared the cache, the problem still persists. The team is unable to access critical data and requires immediate assistance to resolve the issue."
TKT-048797,it support,high,Escalated,Open / Not Applicable,Other,-3,13,752,"Support Request for Medical Data Encryption Failure Dear Customer Support, I am reaching out to highlight a serious problem with our medical data encryption that has suddenly failed, exposing sensitive information. This is concerning and requires your immediate help. The issue seems to be linked to potential outdated security patches on Ubuntu 20.04 LTS. We have already performed some diagnostics and checked NAS-System connections, but the problem remains unsolved. We require your prompt assistance. Please advise the next steps to take, including how to update security patches and ensure encryption works properly. Kindly request any additional details you may need. We appreciate your quick response to this urgent issue. Sincerely, [Your Name]"
TKT-053103,service outages and maintenance,high,Pending,Open / Not Applicable,Technical Issues,-3,13,1431,"Urgent: Critical Issue with Project Due to Multiple Integration Failures and Data Loss Dear [Your Name],\n\nI am writing to address a critical issue that has arisen with our project. We are experiencing simultaneous integration failures, which have led to significant data loss. This disruption has severely affected our workflow, and we are keen to resolve this matter swiftly.\n\nThe issue may have been triggered by the recent software update, possibly causing compatibility problems with our existing systems. Despite our efforts to resolve it by restarting services, reviewing logs, and verifying configurations, we have not been successful.\n\nThe failed integrations are crucial to our project's functionality, and the data loss has delayed our progress significantly. We are concerned that without prompt resolution, further complications and delays may occur.\n\nWe would greatly appreciate your assistance in investigating this issue further and providing guidance on the necessary steps to prevent similar incidents. Specifically, could you inform us of any known issues with the recent software update and suggest additional troubleshooting steps we can take?\n\nWe are ready to provide any additional information or support needed to address this issue. Please let us know if you need more details or if scheduling a call would be beneficial. We look forward to your response.\n\nBest regards,\n[Customer Support Team]"
TKT-054530,technical support,high,Closed,SLA Breached,Technical Issues,-3,13,290,Critical Data Encryption Malfunction Event: The encryption process has malfunctioned unexpectedly. Timestamp of failure: Accompanied by a sudden system crash. Potential cause: A possible software anomaly is under suspicion. Actions taken: Servers were restarted and log files were examined.
TKT-054969,technical support,medium,Closed,SLA Breached,Technical Issues,-3,13,930,"Critical Integration Issue Report Dear Customer Support,\n\nI am writing to report a critical issue that has caused significant delays in our project. Multiple integrations failed simultaneously, and despite our best efforts, we have been unable to resolve the issue.\n\nThe problem began after a recent update, which leads us to believe that there might be conflicts or API changes that are causing the integrations to fail. We have tried restarting the services, checking the logs, and verifying the settings, but nothing has worked.\n\nWe would greatly appreciate it if you could look into this matter urgently and provide us with a solution or guidance on how to resolve the issue. Please let us know if there are any additional steps we can take or if there's any further information you need from us.\n\nThank you for your attention to this matter, and we look forward to hearing from you soon.\n\nBest regards,\n[Your Name]"
TKT-000111,technical support,high,Closed,SLA Breached,Other,-2,13,702,"Immediate Attention Required: Platform Downtime Disrupting Device Connectivity Dear Customer Support Team,\n\nI am submitting a report concerning a critical outage in the platform services that is currently hindering device connectivity throughout operations. This issue has interrupted access to the SaaS platform, greatly affecting the functionality of barcode scanners, RAID controllers, and other vital daily tools.\n\nInitial diagnostics suggest that the root cause may be linked to failures in Kubernetes orchestration. We have attempted to mitigate the problem by restarting pods and redeploying microservices, but unfortunately, these measures have not resolved the issue. The problem persists."
TKT-000634,technical support,high,Escalated,Open / Not Applicable,Other,-2,13,596,"Smart Home Central Unit Device Synchronization Issue Dear Customer Support Team,\n\nI am reaching out to request help with a problem I am facing with my Smart Home Central Unit after the latest firmware upgrade. Since installing the update, the hub cannot synchronize multiple devices, which greatly hampers the functionality of my smart home setup.\n\nThis issue started immediately after the update was completed. I have observed that several devices, such as smart lighting, thermostats, and security cameras, are unable to connect or stay synchronized with the hub due to connectivity issues."
TKT-013595,technical support,high,Escalated,Open / Not Applicable,Technical Issues,-2,13,539,"Dear Customer Support, I've encountered a critical issue with the data integration system that has disrupted the functionality of our investment analysis tools. It seems the problem might be due to recent software updates causing compatibility issues. Despite our efforts to restore the system by restarting applications and verifying recent updates, the issue still persists. I would greatly appreciate if you could look into this matter urgently and provide a solution to resolve the data integration failure as soon as possible. Please."
TKT-024802,service outages and maintenance,high,Closed,SLA Breached,Technical Issues,-2,13,180,"Urgent Attention Required for Severe Data Analytics System Failure A critical outage has impacted data analytics systems, caused by recent software updates and network disruptions."
TKT-046299,technical support,high,Closed,SLA Breached,Technical Issues,-2,13,533,"Dear Customer Support, I am reporting a critical issue with the data integration system that has resulted in the failure of our investment analysis tools. This problem might be due to compatibility issues with recent software updates. Despite several attempts to restore functionality by restarting applications and verifying system updates, the issue still persists. I would greatly appreciate it if you could look into this matter urgently and provide a solution to resolve the data integration failure as soon as possible. Please."
TKT-050213,billing and payments,low,Closed,SLA Breached,Technical Issues,-2,13,1157,"Report on the Failure of Medical Data Encryption Software Dear Customer Support, <br><br>It is with concern that I report a significant failure in our medical data encryption software. The encryption process has suddenly malfunctioned, and we are unable to identify the root cause. We suspect that the issue might be due to outdated software or incorrect configuration. <br><br>Steps taken thus far include restarting the systems and reviewing system logs for errors, but the problem remains unresolved. Additionally, we have tried reaching out to your support team without success. <br><br>This failure has severe implications for the protection and privacy of our medical data. We are apprehensive that it might compromise the security of our systems and put sensitive information at risk. <br><br>We urgently request your assistance in addressing this matter and resolving the issue swiftly. Please advise if there is any additional information needed from our side to tackle this situation. <br><br>We appreciate your swift action and look forward to your response. Thank you for your attention to this critical issue. <br><br>Sincerely, <br>[Your Name]"
TKT-056505,technical support,high,Closed,SLA Breached,Technical Issues,-2,13,539,"Dear Customer Support, I've encountered a critical issue with the data integration system that has disrupted the functionality of our investment analysis tools. It seems the problem might be due to recent software updates causing compatibility issues. Despite our efforts to restore the system by restarting applications and verifying recent updates, the issue still persists. I would greatly appreciate if you could look into this matter urgently and provide a solution to resolve the data integration failure as soon as possible. Please."
TKT-000599,technical support,high,Closed,SLA Breached,Other,-1,13,594,"Immediate Help Needed: Major Data Platform Downtime Dear Customer Support Team,\n\nI am submitting a report regarding a significant disruption in the Big Data Analytics Platform that has heavily affected our operations. Since earlier today, we have been unable to access essential data analysis tools, which has caused project delays and impacted strategic decisions.\n\nOur operations depend greatly on the platform for real-time data insights, so this interruption is a major concern. Could you please provide an urgent update on the status of the outage and an estimated time for resolution?"
TKT-000701,technical support,high,Closed,SLA Breached,Delivery Issues,-1,13,651,"Immediate Attention Needed: Multiple Marketing Applications Down Dear Customer Support Team,\n\nWe are currently experiencing disruptions in several marketing platforms, such as campaign analytics, advertisement delivery, and data insights. The issues seem to be connected to a failure in centralized data synchronization. We have already rebooted our internal servers and cleared the data cache in an attempt to fix the problem, but the issues continue. This situation is severely affecting our marketing activities, and we need urgent help to restore full operation. Kindly provide guidance on troubleshooting steps or possible solutions.\n\nThanks."
TKT-000972,technical support,high,Closed,SLA Breached,Technical Issues,-1,13,544,"Digital Campaign Platform Malfunction Dear Customer Support, the digital campaign platform used by our marketing agency unexpectedly crashed, possibly due to recent updates. Our team attempted to reboot the system, but the issue remains unresolved. We are currently unable to access campaign data, which is affecting our ongoing marketing activities. Could you please investigate this matter urgently and provide a temporary workaround? We would appreciate your assistance in restoring the platform as soon as possible. Please keep us informed."
TKT-002858,technical support,high,Closed,SLA Breached,Technical Issues,-1,13,630,"Immediate Assistance Needed for Security Breach Customer support team, composing a notification about a critical incident at a healthcare facility. An unauthorized intrusion into the hospital's medical records system has been detected, likely caused by outdated security updates. An initial assessment of firewall access controls has been completed, but vulnerabilities still remain. Immediate technical support is required to resolve this issue and prevent further breaches. Securing patient information is of the highest priority; therefore, assistance in applying security patches and strengthening defenses is urgently needed."
TKT-008170,it support,high,Closed,SLA Breached,Other,-1,13,484,"Reporting an issue with the marketing agency's digital campaign platform. The platform failed to launch critical advertisements, likely due to server overload from high traffic. Efforts to resolve the problem by restarting servers and clearing caches have not succeeded. We would greatly appreciate it if you could investigate this matter urgently and provide a solution as soon as possible. Please let us know if you require any additional information to assist with troubleshooting."
TKT-002410,service outages and maintenance,high,Closed,SLA Met,Technical Issues,-5,12,518,"Digital Service Disruption Customer support has documented a widespread outage affecting multiple digital products. Initial troubleshooting measures, including system restarts and network diagnostics, failed to resolve the problem. Consequently, an urgent high-priority incident report was filed to prompt immediate technical action. The outage appears to be caused by a server network failure; we request the technical team to investigate this matter promptly. Kindly inform us of the next steps to resolve the issue."
TKT-013279,technical support,high,Closed,SLA Met,Technical Issues,-5,12,410,"Critical Data Analytics Report Generation Failure Due to Software Compatibility Issues Dear Customer Support, the critical data analytics report failed to generate due to software compatibility issues arising from recent updates. I have attempted reinstalling the affected software and restarting the systems, but the issue still persists. I need assistance to resolve this matter urgently to avoid any delays."
TKT-014243,it support,high,Open,Open / Not Applicable,Technical Issues,-5,12,278,"Urgent Issue: Recent Failures in Device Application Connections A critical issue has been observed where device applications have been unable to connect, which may be related to recent software updates or hardware problems. Rebooting and reinstalling may help resolve the issue."
TKT-024153,technical support,high,Closed,SLA Met,Technical Issues,-4,12,605,"Problem with System Breakdown Hello Customer Support, our financial firm has encountered a critical system failure impacting the data analytics tools that are crucial for our investment decisions. The issue might be related to recent software updates or hardware compatibility problems. So far, we've tried restarting the affected applications, verifying device connections, and updating drivers, but the problem still persists. We urgently need your help to resolve this issue to prevent any further disruptions in our operations. Please provide a prompt solution or schedule a maintenance window for us."
TKT-056612,technical support,high,Open,Open / Not Applicable,Technical Issues,-4,12,605,"Problem with System Breakdown Hello Customer Support, our financial firm has encountered a critical system failure impacting the data analytics tools that are crucial for our investment decisions. The issue might be related to recent software updates or hardware compatibility problems. So far, we've tried restarting the affected applications, verifying device connections, and updating drivers, but the problem still persists. We urgently need your help to resolve this issue to prevent any further disruptions in our operations. Please provide a prompt solution or schedule a maintenance window for us."
TKT-001529,technical support,high,Closed,SLA Met,Other,-3,12,594,"Urgent Alert: Security Breach in Medical Data Dear Customer Support, I am reaching out to highlight a critical issue concerning the security of healthcare provider's medical records. Our preliminary investigation indicates that there may have been unauthorized access to sensitive data, possibly due to a recent failure in the security patch. The team has examined the firewall access logs but, unfortunately, has not yet determined the root cause. Protecting patients' medical information is of the highest priority, and we are deeply concerned that this breach could compromise personal data."
TKT-020026,technical support,high,Closed,SLA Met,Other,-3,12,547,"Problem with Project Downtime We are facing unexpected downtime on the project management platform. This may have occurred due to recent code updates or server overloads. We have attempted to revert to the previous version and increased server capacity, but the issue still persists. The team is unable to access critical project information, causing significant delays. We would appreciate it if you could look into this matter urgently and provide a solution as soon as possible. Please let us know if there is any additional information needed."
TKT-008791,technical support,high,Pending,Open / Not Applicable,Other,-2,12,493,"Critical Priority Problem Incident: A critical issue with the scalable SaaS project management platform is causing synchronization failures across various products. This may be related to a recent API update. We have attempted restarting services and rolling back the update without success. The problem persists, and urgent assistance is required to resolve it. Troubleshooting efforts have been made, but the issue remains unresolved. Please help us address this problem as soon as possible."
TKT-021451,technical support,high,Closed,SLA Met,Technical Issues,-2,12,347,"Request for Technical Support Due to System Downtime Our marketing agency has experienced system failures, which have significantly impacted our critical digital strategies due to increased server load from higher traffic. We restarted the servers and cleared the caches, but the issues persist. We urgently need assistance to resolve this matter."
TKT-045820,product support,high,Pending,Open / Not Applicable,Technical Issues,-2,12,525,"Issue with Data Analysis Platform Dear Customer Service, I am writing to report a critical error with the Data Analysis Platform. The platform caused a crash during an important Investment Analysis session, significantly disrupting our work. Despite attempts to restart the system and clear the cache, the error persists. Possible causes include server overload or software failure. I appreciate your prompt investigation and quick provision of a solution. Please inform me if further details are needed to resolve the issue."
TKT-000604,technical support,high,Closed,SLA Breached,Other,-6,11,626,"Periodic System Non-Responsiveness Dear Customer Support Team,\n\nI am submitting a report regarding a critical issue impacting several vital systems within our organization. Since last evening, we have been experiencing sporadic non-responsiveness across multiple essential platforms, including Outlook email and calendar services, as well as various network hardware. These disruptions are significantly hampering our daily operations and communication channels.\n\nThe issues observed include delayed or failed email transmissions, improper synchronization of calendar events, and problems with network device connectivity."
TKT-000193,technical support,high,Escalated,Open / Not Applicable,Technical Issues,-5,11,573,"Urgent System Failures Dear Support Team, we are experiencing multiple urgent failures across various devices including projectors, smart appliances, firewalls, monitors, and tablets. The issues seem to originate from network segmentation errors, possibly linked to a cyber threat. Although automated recovery processes, firewall resets, and endpoint monitoring have been implemented, full recovery has not yet been achieved. We require immediate support to resolve these connectivity issues and prevent further interruptions. Kindly advise on the next steps without delay."
TKT-058199,product support,high,Escalated,Open / Not Applicable,Technical Issues,-5,11,235,"Campaign Experienced Unexpected Failure The digital campaign failed due to incompatible software updates. After restarting the services and reviewing the system logs, the problem continues. Assistance is required to resolve this issue."
TKT-000198,technical support,high,Closed,SLA Breached,Technical Issues,-4,11,417,"Immediate Attention: System Failures and Connectivity Problems with Medical Equipment Medical technical equipment such as touchscreens, webcams, and Ubuntu-based systems are experiencing crashes and connectivity disruptions, probably due to conflicts caused by recent security patches affecting device drivers. Restarting devices, manual updates, and reverting patches have been effective in resolving these problems."
TKT-000320,product support,medium,Closed,SLA Breached,Technical Issues,-4,11,438,"Device Failures Dear Support Team,\n\nOur office is currently facing several hardware equipment failures that disrupt our daily activities. The problems involve repeated device crashes and connectivity issues. We would be grateful for swift assistance in diagnosing and fixing these problems to reduce downtime. Kindly let us know what further details are needed from our side.\n\nThank you for your support.\n\nBest regards,\n[Your Name]"
TKT-000445,service outages and maintenance,high,Closed,SLA Breached,Other,-4,11,589,"Service Interruptions Dear Customer Support Team,\n\nI am submitting a report regarding multiple service disruptions within our systems that are currently hindering project progress and client interactions. These interruptions have considerably reduced operational productivity and have led to missed important deadlines.\n\nInitial checks suggest that the primary issue might be a widespread failure in network hardware connectivity. I have already carried out some basic troubleshooting steps, such as rebooting devices and performing initial diagnostic checks, but the problems persist."
TKT-000721,human resources,medium,Escalated,Open / Not Applicable,Technical Issues,-4,11,546,"Critical Incident Notification Dear Customer Support Team,\n\nI am urgently reporting an incident currently affecting the software systems of healthcare devices. The issue critically impacts the functionality and reliability of devices vital for patient care. Symptoms include intermittent connectivity issues, software failures, and delays in data processing, which may pose risks to patient safety and clinical outcomes.\n\nImmediate investigation and resolution are essential. Please prioritize this matter and assist in mitigating the impact."
TKT-001809,product support,medium,Closed,SLA Breached,Technical Issues,-4,11,557,"Multiple Integration Failures Reported Customer Support is documenting a critical issue that is disrupting digital marketing campaigns. Several product integrations have failed, and despite troubleshooting efforts, the problems continue. It is suspected that recent software updates may have caused compatibility issues, resulting in the failed integrations. The team has attempted to resolve the problem by restarting systems and clearing caches, but the issue persists. These failed integrations have caused significant disruptions to marketing campaigns."
TKT-003596,it support,high,Closed,SLA Breached,Other,-4,11,594,"Network Disruption Impacting Several Platforms The digital tools of the marketing agency, including Schoology and HubSpot CRM, have become unresponsive, potentially due to problems with the network switch. It is suspected that the Aruba 2530 48G switch may be malfunctioning, leading to loss of connectivity. Despite restarting devices and network equipment, the issue persists, affecting multiple platforms and hindering productivity. The team is unable to access essential tools, causing significant delays and operational disruptions. Kindly request urgent assistance to resolve this matter."
